2025-11-07 12:04:53,A chi sono riservati principalmente gli appelli straordinari?,Gli appelli straordinari devono essere principalmente RISERVATI ai Laureandi e comunque solo a studenti che siano a NON PIU' di 1 ESAME dal completamento del proprio piano di studi.,1.000,0.779,0.039,1.000,0.951
2025-11-07 12:04:53,Chi decide se istituire o meno un appello straordinario?,"Gli appelli straordinari sono istituiti a discrezione del docente, al quale gli studenti interessati devono rivolgersi per richiederne l'apertura. Il docente potrà considerare autonomamente i criteri per concedere o meno l'appello straordinario. Nel caso in cui il docente istituisca appelli straordinari, ne dovrà dare comunicazione al Presidente, che ne informerà il Consiglio Intercorso di Laurea (CIL), e alla Segreteria Didattica. Il Presidente del CIL ha la facoltà di proporre date diverse per l’appello o di impedirne l’istituzione, in funzione di criticità emerse dalla consultazione del CIL o altre considerazioni di interesse generale; in assenza di reazione del Presidente del CIL entro una settimana dalla comunicazione, varrà il criterio del silenzio assenso.",1.000,0.219,nan,1.000,0.272
2025-11-07 12:04:53,A chi deve comunicare il docente l'istituzione di un appello straordinario?,"Il docente, nel caso istituisca appelli straordinari, ne dovrà comunque dare comunicazione al Presidente, che ne informerà il CIL, e alla Segreteria Didattica, che si farà carico di pubblicizzarlo attraverso i canali istituzionali di comunicazione con gli studenti.",1.000,0.121,nan,1.000,0.558
2025-11-07 12:04:53,Cosa accade se il Presidente del CIL non risponde entro una settimana alla proposta di un appello straordinario?,"In assenza di reazione del Presidente del CIL entro una settimana dalla comunicazione di una proposta di appello straordinario, varrà il criterio del silenzio assenso. Il Presidente del CIL ha la facoltà di proporre date diverse per l'appello o di impedirne l'istituzione, in base a criticità emerse dalla consultazione del CIL o altre considerazioni di interesse generale.",1.000,0.852,nan,1.000,0.418
2025-11-07 12:04:53,Quali fattori può considerare il docente nel valutare una richiesta di appello straordinario?,"Il docente può considerare autonomamente quali siano i criteri per concedere o meno l’appello straordinario, facendo riferimento in modo non esaustivo a principi quali l’utilità dell’appello, la motivata urgenza o criticità sottostante la richiesta, il numero di studenti potenzialmente interessati e la distanza temporale dagli appelli ufficiali.",1.000,0.000,nan,1.000,0.800
2025-11-07 12:04:53,Esiste un limite massimo di appelli straordinari che un docente può istituire?,"Gli appelli straordinari sono istituiti a discrezione del docente, il quale potrà considerare autonomamente i criteri per concederli o meno, facendo riferimento a principi quali l'utilità dell'appello, la motivata urgenza o criticità sottostante la richiesta, il numero di studenti potenzialmente interessati e la distanza temporale dagli appelli ufficiali. Non è specificato un limite massimo al numero di appelli straordinari che un docente può istituire.",1.000,0.769,nan,1.000,0.303
2025-11-07 12:04:53,Quando inizia e quando termina l'anno accademico 2025/2026?,L'anno accademico 2025/2026 inizia il 15 settembre 2025 e termina il 30 settembre 2026.,1.000,0.982,0.091,1.000,1.000
2025-11-07 12:04:53,Quali sono le principali festività nazionali indicate nel calendario?,"Le principali festività nazionali indicate nel calendario sono: tutte le domeniche; il giorno 1^ novembre (tutti i Santi); il giorno 8 dicembre (Immacolata Concezione); il giorno 25 dicembre (Santo Natale); il giorno 5 aprile 2026 (Santa Pasqua); il giorno di lunedì dopo la Santa Pasqua; il giorno 25 aprile (anniversario della Liberazione); il giorno 1^ maggio (festa del Lavoro); il giorno 2 giugno (festa della Repubblica); il giorno 15 agosto (Assunzione della Beata Vergine). Sono inoltre indicate le Vacanze Natalizie e Pasquali, che di norma comprendono il periodo dal 23 dicembre al 6 gennaio e il periodo dal giovedì precedente la Pasqua (5 aprile 2026) al martedì successivo.",0.923,0.898,0.083,1.000,0.705
2025-11-07 12:04:53,Quali sono i giorni festivi specifici per la sede di Perugia?,"Le festività specifiche per la sede di Perugia, come indicato nel ""Calendario generale delle attività didattiche"", includono il giorno 29 gennaio, che rientra tra ""le festività del Patrono della sede in cui si svolgono le attività didattiche"".",1.000,0.884,0.100,1.000,0.799
2025-11-07 12:04:53,Qual è il periodo previsto per le vacanze natalizie?,Il periodo previsto per le vacanze natalizie è di norma dal 23 dicembre al 6 gennaio.,1.000,1.000,0.100,1.000,0.977
2025-11-07 12:04:53,Quando iniziano e terminano le vacanze pasquali?,Le vacanze pasquali iniziano di norma il giovedì precedente la Pasqua (che nel 2026 è il 5 aprile) e terminano il martedì successivo.,1.000,0.719,0.100,1.000,0.977
2025-11-07 12:04:53,Durante quali periodi le attività didattiche sono sospese per le vacanze?,"Le attività didattiche sono sospese durante i seguenti periodi e giorni: di norma dal 23 dicembre al 6 gennaio; di norma dal giovedì precedente la Pasqua (5 aprile 2026) al martedì successivo; tutte le domeniche; il giorno 1^ novembre (tutti i Santi); il giorno 8 dicembre (Immacolata Concezione); il giorno 25 dicembre (Santo Natale); il giorno 26 dicembre (Santo Stefano); il giorno 1^ gennaio (primo giorno dell’anno); il giorno 6 gennaio (Epifania); e le festività del Patrono della sede in cui si svolgono le attività didattiche, segnatamente: Perugia: 29 gennaio; Foligno: 24 gennaio; Terni: 14 febbraio; Narni: 3 maggio; Assisi: 11 agosto.",1.000,0.569,0.100,1.000,0.369
2025-11-07 12:04:53,Le lezioni iniziano a ottobre 2025?,"Non, le lezioni non iniziano a ottobre 2025. Secondo il ""Calendario generale delle attività didattiche dell’Università degli Studi di Perugia per l’A.A. 2025/2026"", l'inizio è fissato per il ""15 settembre 2025"". Inoltre, gli orari del corso di laurea in Ingegneria Informatica e Robotica per l'anno accademico 2025/2026 indicano che il primo semestre ha un ""periodo: 15/09/2025 - 12/12/2025"".",1.000,0.578,0.228,1.000,0.610
2025-11-07 12:04:53,Per quale anno accademico si riferisce il calendario delle lauree?,Il calendario delle lauree si riferisce all'Anno Accademico 2025/2026.,1.000,0.998,0.606,1.000,0.962
2025-11-07 12:04:53,Quando si svolge la prima sessione di laurea dell'anno accademico 2025-2026?,"La prima sessione di laurea dell'anno accademico 2025-2026, denominata ""Estiva"", prevede la discussione della tesi il 9 luglio 2026.",1.000,0.852,0.111,1.000,0.664
2025-11-07 12:04:53,Qual è l'ultima sessione di laurea prevista nel calendario?,"L'ultima sessione di laurea prevista nel calendario è la sessione Primaverile del 2027. Il testo più rilevante è il seguente: ""SESSIONI DI LAUREA in Ingegneria Informatica ed Elettronica Classe L-8 Ingegneria Elettronica LM-29 Ingegneria Informatica e Robotica, Classe LM-32 Anno Accademico 2025 |/2026 | Domanda Esame di Sessione Laurea e Consegna Consegna Tesi Discussione Tesi Titolo Tesi (Foglio Giallo) Estiva 29 maggio | 18 giugno | 9 luglio | 2026 | Estiva 28 agosto | 17 settembre | 8 ottobre | 2026 | Autunnale 23 ottobre | 12 novembre | 3 dicembre | 2026 | Invernale 1 gennaio | 21 gennaio | 11 febbraio | 2027 | Primaverile 12 marzo | 1 aprile | 22 aprile | 2027 |"".",0.875,1.000,0.111,1.000,0.367
2025-11-07 12:04:53,Quante sessioni di laurea sono previste complessivamente nel calendario 2025-2026?,"Nel calendario 2025-2026 sono previste complessivamente 5 sessioni di laurea: Estiva (9 luglio 2026), Estiva (8 ottobre 2026), Autunnale (3 dicembre 2026), Invernale (11 febbraio 2027) e Primaverile (22 aprile 2027).",1.000,0.952,0.111,1.000,0.938
2025-11-07 12:04:53,Le date delle lauree sono identiche per i corsi triennali e magistrali?,"Sì, il contesto fornito indica che le date delle sessioni di laurea sono identiche per i corsi triennali e magistrali.

Il documento [Fonte 9] intitolato ""CONSIGLIO INTERCORSO IN INGEGNERIA DELL’INFORMAZIONE SESSIONI DI LAUREA in Ingegneria Informatica ed Elettronica Classe L-8 Ingegneria Elettronica LM-29 Ingegneria Informatica e Robotica, Classe LM-32 Anno Accademico 2025 |/2026 |"" elenca le seguenti sessioni di laurea con le relative date per la discussione della tesi, che si applicano congiuntamente a tutte le classi di laurea menzionate (L-8, LM-29, LM-32):
""Estiva 9 luglio | 2026 |
Estiva 8 ottobre | 2026 |
Autunnale 3 dicembre | 2026 |
Invernale 11 febbraio | 2027 |
Primaverile 22 aprile | 2027 |""",1.000,0.823,nan,1.000,0.905
2025-11-07 12:04:53,Vengono specificate le scadenze per la presentazione della domanda di laurea?,"Sì, le scadenze per la presentazione della domanda di laurea sono specificate. I termini legati agli adempimenti a cui sono tenuti gli studenti che si accingono alla laurea prevedono la compilazione della domanda di laurea, comprensiva dell'indicazione del titolo della tesi e del Relatore, 45 giorni prima della seduta di laurea. I termini specifici per ogni seduta di laurea per l'Anno Accademico 2025/2026 e 2026/2027 sono i seguenti: per la sessione Estiva il 29 maggio 2026 e il 28 agosto 2026; per la sessione Autunnale il 23 ottobre 2026; per la sessione Invernale il 1 gennaio 2027; e per la sessione Primaverile il 12 marzo 2027.",1.000,0.828,nan,1.000,0.286
2025-11-07 12:04:53,È indicato l’orario preciso di inizio delle sedute di laurea?,Non presente nei documenti.,1.000,0.000,nan,1.000,0.890
2025-11-07 12:04:53,Che cos'è il programma Erasmus+?,"Il programma Erasmus+ prevede due tipologie di mobilità: mobilità a fini di studio (esami, tesi di laurea) e mobilità a fine di Traineeship (tirocinio o stage anche post-laurea). Il programma Erasmus+ oltre alla mobilità in ambito EU, promuove la mobilità anche in paesi Extra-EU associati al programma (partner countries).",1.000,0.804,0.189,1.000,0.692
2025-11-07 12:04:53,Quali sono le due tipologie principali di mobilità previste dal programma Erasmus+?,"Il programma Erasmus+ prevede due tipologie di mobilità: mobilità a fini di studio (esami, tesi di laurea) e mobilità a fine di Traineeship (tirocinio o stage anche post-laurea).",1.000,0.828,0.309,1.000,0.739
2025-11-07 12:04:53,Chi è il delegato Erasmus del Dipartimento di Ingegneria?,"Il contesto fornito indica che ""Il Dipartimento ha sin qui organizzato diversi incontri, a cura del Delegato Erasmus, indirizzati agli studenti di tutti corsi di laurea gestiti dal Dipartimento"". Tuttavia, il contesto non specifica il nome del delegato Erasmus del Dipartimento di Ingegneria.",1.000,0.000,0.000,0.000,0.194
2025-11-07 12:04:53,Quali attività possono essere svolte durante la mobilità a fini di studio?,"Durante la mobilità a fini di studio, gli studenti possono accedere a programmi di internazionalizzazione per ampliare le proprie esperienze e il proprio bagaglio culturale. Questo include la partecipazione a programmi di scambio culturale, lo svolgimento all'estero di una parte del proprio percorso di studi (esami o tesi di laurea) presso università o centri di ricerca di prestigio, periodi di studio (esami e tesi di laurea) in ambito Erasmus+, e tirocini e stage in ambito Erasmus+ Traineeship.",1.000,0.714,0.358,1.000,0.365
2025-11-07 12:04:53,Quali sono i requisiti per partecipare al programma Erasmus+ Traineeship?,"Per partecipare al programma Erasmus, gli studenti devono essere regolarmente iscritti all'Università degli Studi di Perugia per l'anno accademico in corso e avere un'adeguata conoscenza della lingua del Paese ospitante o della lingua inglese almeno pari al livello richiesto dalla sede partner o per tirocini autonomi pari al livello richiesto nel Learning Agreement. La conoscenza deve essere comprovata tramite un attestato di livello rilasciato dal CLA UNIPG o di una Certificazione internazionale riconosciuta dall’Ateneo in corso di validità. I criteri in base ai quali viene redatta la graduatoria di merito includono il rendimento accademico (media e numero di CFU conseguiti), la conoscenza della lingua richiesta dall'Università ospitante (opportunamente certificata) e le motivazioni per effettuare la mobilità (descritte dal candidato in una lettera motivazionale).",1.000,0.820,0.078,1.000,0.728
2025-11-07 12:04:53,In quale periodo viene pubblicato il bando Erasmus?,Non presente nei documenti.,0.000,0.000,0.000,0.000,0.139
2025-11-07 12:04:53,Dove è possibile trovare i bandi Erasmus aggiornati?,"I bandi Erasmus aggiornati sono pubblicizzati sul sito dell'Università degli Studi di Perugia, nell'apposita sezione dei bandi internazionali, e attraverso i canali social di Ateneo e del Dipartimento di Ingegneria. La pagina ""Bandi per studenti, dottorandi, specializzandi"" (ing_erasmus) contiene i bandi con termine di presentazione delle domande successivo al 31/05/2019, e per i bandi scaduti prima di tale termine è possibile accedere alla sezione di archivio. Inoltre, per la mobilità a fini di tirocinio nell'ambito del Programma Erasmus+ Traineeship, è presente una ""Pagina contenente i bandi"" (ing_erasmus, Sezione: Mobilità a fini di tirocinio / Programma Erasmus+ Traineeship / Ulteriori informazioni).",1.000,0.823,nan,1.000,0.211
2025-11-07 12:04:53,È possibile riconoscere CFU per un tirocinio svolto con Erasmus Traineeship?,"Sì, è possibile riconoscere CFU per un tirocinio svolto con Erasmus Traineeship. Il Programma Erasmus+ Traineeship consente di effettuare un periodo di tirocinio all’interno del corso di studio (tirocinio pre-titolo) e, in questo caso, lo svolgimento di un tirocinio in mobilità può prevedere il riconoscimento di crediti formativi (CFU) a patto che il tirocinio sia previsto nel piano di studi dello studente. Il Learning Agreement, che descrive il progetto di tirocinio e gli eventuali CFU che verranno riconosciuti, deve essere approvato dal Delegato del Dipartimento e dall'ente ospitante. Al termine del soggiorno all'estero, se previsto il riconoscimento di crediti, la Commissione Erasmus di Dipartimento, sulla base del Certificate of Traineeship, riconosce i crediti acquisiti.",0.917,0.865,nan,1.000,0.491
2025-11-07 12:04:53,Chi deve approvare il Learning Agreement?,"Il Learning Agreement deve essere approvato dal Delegato del Dipartimento e dall'Università ospitante per le mobilità a fini di studio. Per le mobilità a fini di tirocinio, il Learning Agreement deve essere approvato dal Delegato del Dipartimento e dall'ente ospitante.",1.000,0.559,0.069,1.000,0.950
2025-11-07 12:04:53,Qual è la lingua richiesta per partecipare a un tirocinio Erasmus?,"Per partecipare a un tirocinio Erasmus, gli studenti devono avere un'adeguata conoscenza della lingua del Paese ospitante o della lingua inglese, almeno pari al livello richiesto dalla sede partner o, per tirocini autonomi, pari al livello richiesto nel Learning Agreement. Tale conoscenza deve essere comprovata tramite un attestato di livello rilasciato dal CLA UNIPG o una Certificazione internazionale riconosciuta dall’Ateneo in corso di validità.",1.000,0.907,0.048,1.000,0.577
2025-11-07 12:04:53,Chi approva il riconoscimento dei CFU dopo il tirocinio Erasmus?,"Il riconoscimento dei crediti formativi (CFU) dopo il tirocinio Erasmus è approvato dalla Commissione Erasmus di Dipartimento. Il testo più rilevante è: ""Al termine del soggiorno all'estero se previsto il riconoscimento di crediti la Commissione Erasmus di Dipartimento, sulla base del Certificate of Traineeship riconosce i crediti acquisiti.""",1.000,0.815,nan,1.000,0.943
2025-11-07 12:04:53,Quali documenti sono richiesti per un tirocinio autonomo?,"Il termine ""tirocinio autonomo"" è presente nei documenti. Gli studenti possono optare per un tirocinio di tipo ""autonomo"" da svolgersi presso enti, aziende pubbliche o private (Fonte 3), e un tirocinio autonomo è definito come quello ""svolto al di fuori di un accordo tra UniPG e un’istituzione partner"" nell'ambito del Programma Erasmus+ Traineeship (Fonte 21). Per l'attivazione e lo svolgimento di un tirocinio, sono richiesti i ""regolamenti e la modulistica a supporto"" (Fonte 15). Se il tirocinio è di tipo aziendale e la convenzione non è già attiva, dovrà essere finalizzata una ""Convenzione di tirocinio tra l’azienda e il Dipartimento"" (Fonte 19). La segreteria didattica provvede ad attivare le ""necessarie coperture assicurative in favore degli studenti richiedenti"" (Fonte 3). Al termine dell'attività di tirocinio, il CdS richiede che ""il tutor aziendale e lo studente compilino un modulo di valutazione dell'attività svolta"" (Fonte 3). Lo studente deve inviare il ""proprio questionario di valutazione e il registro firme al tutor universitario e alla segreteria didattica""; contestualmente, ""il tutor aziendale, autonomamente, invia il proprio questionario al tutor universitario e alla segreteria didattica"". L’invio di questi documenti è ""condizione necessaria per la verbalizzazione del tirocinio"" (Fonte 17). I moduli da compilare sono disponibili al link indicato (Fonte 1).",1.000,0.697,nan,0.000,0.133
2025-11-07 12:04:53,Quando si aprono le immatricolazioni per l'anno accademico 2025/2026?,Le immatricolazioni per l'anno accademico 2025/2026 si aprono il 1 agosto 2025. I termini per l’immatricolazione ai corsi di laurea triennale e magistrale a ciclo unico ad accesso libero per l’A.A. 2025/2026 sono riaperti fino al 31 ottobre 2025.,1.000,0.844,nan,1.000,0.693
2025-11-07 12:04:53,Qual è la scadenza per immatricolarsi ai corsi di laurea triennale e magistrale a ciclo unico ad accesso libero?,"Il termine per le immatricolazioni ai corsi di laurea triennale e magistrale a ciclo unico ad accesso libero per l’A.A. 2025/2026 è stato riaperto fino al 31 ottobre 2025. Precedentemente, il termine era previsto per il giorno 20 ottobre 2025.",1.000,0.899,nan,1.000,0.484
2025-11-07 12:04:53,Fino a quando è possibile immatricolarsi ai corsi di laurea magistrale biennali?,Il termine per le immatricolazioni ai corsi di laurea magistrali biennali è fissato nel giorno 2 marzo 2026.,1.000,0.927,nan,1.000,0.989
2025-11-07 12:04:53,Come posso presentare la domanda di immatricolazione?,"Le immatricolazioni si aprono il 1 agosto 2025 e i termini per l’immatricolazione ai corsi di laurea triennale e magistrale a ciclo unico ad accesso libero per l’A.A. 2025/2026 sono riaperti fino al 31 ottobre 2025. Entro tale termine è previsto anche l'inserimento del protocollo ISEEU nella propria area riservata SOL. Se al momento dell’immatricolazione si è ancora minorenni, è necessario compilare il modulo di consenso, farlo firmare dai propri genitori e inviarlo tramite ticket alla segreteria studenti del corso scelto.",1.000,0.629,nan,0.000,0.157
2025-11-07 12:04:53,Chi può beneficiare dell'esenzione totale dalle tasse universitarie?,"Il contesto fornito contiene riferimenti all'esenzione totale dalle tasse universitarie. Possono beneficiarne: ""Tutti gli immatricolati e gli iscritti ad anni successivi che rientrino nella “No-Tax Area”, ovvero con un reddito ISEE “Università” entro 22.000,00 euro e con determinati requisiti di merito previsti all'art. 12 del Regolamento in materia di contribuzione studentesca, saranno completamente esentati dal pagamento della contribuzione universitaria e dovranno provvedere ad anticipare il solo versamento della prima rata comprensiva della tassa regionale per il diritto allo studio."" (Fonte 47) e ""Tutti gli immatricolati per la prima volta al sistema universitario che rientrino nella “No-Tax Area”, ovvero con un reddito ISEE “Università” entro 22.000,00 euro, saranno completamente esentati dal pagamento della contribuzione universitaria e dovranno provvedere ad anticipare il solo versamento della prima rata comprensiva della tassa regionale per il diritto allo studio."" (Fonte 50).",1.000,1.000,nan,1.000,0.556
2025-11-07 12:04:53,Cosa si intende per 'Low-Tax Area' secondo il regolamento?,"Secondo il regolamento, la 'Low-Tax Area' si riferisce a tutti gli immatricolati e gli iscritti ad anni successivi che rientrino in questa categoria, ovvero con un reddito ISEE “Università” tra 22.000,01 e 30.000,00 euro e con determinati requisiti di merito previsti all'art. 13 del Regolamento in materia di contribuzione studentesca. Per gli immatricolati per la prima volta al sistema universitario, la 'Low-Tax Area' si applica a coloro con un reddito ISEE “Università” tra 22.000,01 e 30.000,00 euro. In entrambi i casi, sono tenuti al pagamento della contribuzione agevolata prevista nell'allegato 4 al Regolamento in materia di contribuzione studentesca.",0.909,0.912,0.051,1.000,0.301
2025-11-07 12:04:53,Quali riduzioni sono previste per chi si immatricola con un voto di diploma alto?,"È previsto un esonero totale o una riduzione parziale sull’immatricolazione alle lauree triennali e magistrali a ciclo unico in base al voto del Diploma, per voti compresi tra 100/100 e lode e 95/100.",1.000,0.785,0.021,1.000,0.835
2025-11-07 12:04:53,Quali agevolazioni sono previste per studenti dello stesso nucleo familiare iscritti contemporaneamente?,"Sono previste agevolazioni per studenti dello stesso nucleo familiare iscritti contemporaneamente. Nello specifico, è prevista una ""riduzione del 30% (se ISEEU <= €.40.000) o del 15% (ISEEU > €.40.000) sulle rate successive alla prima per studenti provenienti dallo stesso nucleo familiare contemporaneamente iscritti a tempo pieno all’Università degli Studi di Perugia"". Le informazioni di dettaglio su tutte le diverse agevolazioni e riduzioni disponibili sono disponibili nel Regolamento in materia di contribuzione studentesca.",1.000,0.904,nan,1.000,0.811
2025-11-07 12:04:53,A chi bisogna rivolgersi per chiedere l'esonero dal corso sulla sicurezza?,"Per chiedere l'esonero dal corso sulla sicurezza, se lo studente ha già frequentato tale corso durante il percorso di studi nella scuola secondaria superiore, può scrivere all'Ufficio sicurezza luoghi di lavoro (giovanni.chiappavento@unipg.it).",0.800,0.707,0.025,1.000,0.602
2025-11-07 12:04:53,Chi è il referente per informazioni e sessioni di esame aggiuntive sul corso di sicurezza?,"Per informazioni e sessioni di esame aggiuntive sul corso di sicurezza, è necessario contattare direttamente il prof. Antonio Moschitta (antonio.moschitta@unipg.it).",1.000,0.914,0.024,1.000,0.946
2025-11-07 12:04:53,Come può ottenere l’attestato lo studente che supera l’esame di sicurezza?,"Una volta superato l’esame di sicurezza, lo studente può scaricare l'attestato dall'area riservata. Per ulteriori informazioni e sessioni di esame aggiuntive è possibile contattare direttamente il prof. Antonio Moschitta (antonio.moschitta@unipg.it).",1.000,0.798,0.024,1.000,0.676
2025-11-07 12:04:53,A cosa serve il corso sulla sicurezza nei luoghi di lavoro?,"Per l'accesso ai laboratori, è necessario seguire un corso sulla sicurezza nei luoghi di lavoro e sostenere una prova di esame.",1.000,0.571,nan,1.000,0.536
2025-11-07 12:04:53,Posso accedere al laboratorio senza aver seguito il corso sulla sicurezza?,"Per l'accesso ai laboratori, è necessario seguire un corso sulla sicurezza nei luoghi di lavoro e sostenere una prova di esame. Se lo studente ha già frequentato tale corso, durante il percorso di studi nella scuola secondaria superiore, può chiedere l'esonero scrivendo all'Ufficio sicurezza luoghi di lavoro (giovanni.chiappavento@unipg.it ). Se lo studente non ha seguito tale corso oppure non ha acquisito i crediti richiesti occorre: collegarsi al link https://unistudium.unipg.it/unistudium/course/view.php?id=17249 ; iscriversi agli esami dopo aver acquisito i contenuti multimediali (sempre dalla pagina di Unistudium). L'esame è erogato a distanza. Il docente organizza una riunione teams e invita i candidati fornendo il link al sito web dell'esame. A richiesta possono essere organizzate sessioni di esame aggiuntive. Una volta superato l’esame, lo studente può scaricare l'attestato dall'area riservata.",1.000,0.723,nan,1.000,0.299
2025-11-07 12:04:53,Qual è il link per iscriversi al corso sulla sicurezza nei luoghi di lavoro?,"Per iscriversi al corso sulla sicurezza nei luoghi di lavoro, occorre collegarsi al link https://unistudium.unipg.it/unistudium/course/view.php?id=17249 e iscriversi agli esami dopo aver acquisito i contenuti multimediali, sempre dalla pagina di Unistudium.",0.800,0.883,nan,1.000,0.455
2025-11-07 12:04:53,Il corso sulla sicurezza è erogato in presenza o a distanza?,"Il corso sulla sicurezza nei luoghi di lavoro, necessario per l'accesso ai laboratori, prevede che l'esame sia erogato a distanza. Il docente organizza una riunione Teams e invita i candidati fornendo il link al sito web dell'esame, dopo che gli studenti hanno acquisito i contenuti multimediali dalla pagina di Unistudium.",1.000,0.711,0.024,1.000,0.343
2025-11-07 12:04:53,Cosa deve fare uno studente che non ha seguito il corso di sicurezza nella scuola superiore?,"Il contesto indica che, per l'accesso ai laboratori, è necessario seguire un corso sulla sicurezza nei luoghi di lavoro e sostenere una prova d'esame. Se lo studente non ha seguito tale corso nella scuola secondaria superiore oppure non ha acquisito i crediti richiesti, occorre collegarsi al link https://unistudium.unipg.it/unistudium/course/view.php?id=17249 e iscriversi agli esami dopo aver acquisito i contenuti multimediali (sempre dalla pagina di Unistudium). L'esame è erogato a distanza, con il docente che organizza una riunione Teams e invita i candidati fornendo il link al sito web dell'esame. A richiesta possono essere organizzate sessioni di esame aggiuntive. Una volta superato l’esame, lo studente può scaricare l'attestato dall'area riservata. Per informazioni e sessioni di esame aggiuntive è possibile contattare direttamente il prof. Antonio Moschitta (antonio.moschitta@unipg.it).",1.000,0.308,0.024,1.000,0.534
2025-11-07 12:04:53,È possibile organizzare sessioni di esame aggiuntive per il corso sulla sicurezza?,"Sì, è possibile organizzare sessioni di esame aggiuntive per il corso sulla sicurezza. Il documento indica: ""Per l'accesso ai laboratori, è necessario seguire un corso sulla sicurezza nei luoghi di lavoro e sostenere una prova di esame. Se lo studente non ha seguito tale corso oppure non ha acquisito i crediti richiesti occorre: [...] iscriversi agli esami dopo aver acquisito i contenuti multimediali (sempre dalla pagina di Unistudium). L'esame è erogato a distanza. A richiesta possono essere organizzate sessioni di esame aggiuntive;"". Per informazioni e sessioni di esame aggiuntive, si deve ""contattare direttamente il prof. Antonio Moschitta (antonio.moschitta@unipg.it)"".",1.000,1.000,0.079,1.000,0.405
2025-11-07 12:04:53,Qual è l'orario delle lezioni di Intelligent and Secure Networks e quali sono le date degli appelli d'esame?,"L'orario delle lezioni di Intelligent and Secure Networks per l'anno accademico 2025/2026, primo anno e primo semestre (periodo 15/09/2025 - 12/12/2025), è il seguente: Lunedì dalle 08:30 alle 10:30 in aula 9, Martedì dalle 16:30 alle 18:30 in aula 9, e Giovedì dalle 16:30 alle 18:30 in aula 10, con il professore M. Femminella. Le date degli appelli d'esame per Intelligent and Secure Networks nell'anno accademico 2025-26 sono: 9 e 23 gennaio 2026, 10 febbraio 2026, 13 aprile 2026, 29 maggio 2026, 16 giugno 2026, 7 luglio 2026, 25 agosto 2026 e 11 settembre 2026.",1.000,0.913,0.125,1.000,0.320
2025-11-07 12:04:53,Quali sono i moduli che servono per fare il tirocinio e con che tempistiche vanno consegnati?,"Per fare il tirocinio, è necessaria una Convenzione di tirocinio tra l’azienda e il Dipartimento, se non già attiva. I documenti firmati e timbrati in originale dalla struttura ospitante per la Convenzione vanno consegnati alla Segreteria Didattica del Dipartimento di Ingegneria prima dell'inizio del tirocinio. Al termine dell'attività di tirocinio, sia lo studente che il tutor aziendale devono compilare l'apposito questionario di valutazione dell'attività svolta (disponibile al link: http://www.ing.unipg.it/it/didattica/studiare-nei-nostri-corsi/tirocini). Il tutor universitario deve ottenere dallo studente e dall'azienda i questionari compilati prima della verbalizzazione del voto di tirocinio. In caso di tirocinio interno, è necessario compilare il Modulo T3.",1.000,0.673,nan,0.000,0.559
2025-11-07 12:04:53,Qual è il nome del corso di laurea?,"Il nome del corso di laurea è ""Ingegneria Informatica e Robotica"". Questo è menzionato in diverse fonti, ad esempio: ""Corso di laurea in Ingegneria informatica e robotica"" (Fonte 1), ""Il laureato in Ingegneria Informatica e Robotica"" (Fonte 2), ""CdS in Ingegneria Informatica e Robotica"" (Fonte 3), ""Corso di Laurea Magistrale in Ingegneria Informatica e Robotica"" (Fonte 4), e nei metadati delle fonti 6, 7 e 8 come ""Ingegneria Informatica e Robotica"".",0.857,1.000,0.524,1.000,0.332
2025-11-07 12:04:53,Presso quale sede è attivo il corso di Ingegneria Informatica e Robotica?,"Il corso di Ingegneria Informatica e Robotica è attivo presso l'Università degli Studi di Perugia. Il Dipartimento di Ingegneria dell'Università degli Studi di Perugia, che gestisce il corso, ha sede in Via G. Duranti 93, 06125 Perugia.",1.000,0.933,0.383,1.000,0.696
2025-11-07 12:04:53,Quale titolo accademico viene rilasciato al termine del corso?,"Il titolo accademico rilasciato al termine del corso è la Laurea Magistrale. Il contesto fornito indica che il corso è un ""Corso di Laurea Magistrale"" e lo associa alla ""Classe LM-32"".

Testo rilevante:
""Il Corso di Laurea Magistrale in Ingegneria Informatica e Robotica mira a formare ingegneri nel campo dell'informatica e dell'automazione"" (Fonte 4)
""Ingegneria Informatica e Robotica, Classe LM-32"" (Fonte 9)",1.000,1.000,nan,1.000,0.631
2025-11-07 12:04:53,Quanti CFU totali prevede il corso di laurea magistrale?,"Il contesto fornito indica che il conseguimento della laurea magistrale prevede 120 CFU. Il testo più rilevante è: ""Tali percorsi consentiranno comunque il conseguimento della laurea magistrale con 120 CFU, senza attività formative aggiuntive.""",1.000,0.881,nan,1.000,0.642
2025-11-07 12:04:53,Qual è il numero massimo di studenti ammessi al corso?,Non presente nei documenti.,1.000,0.000,nan,0.000,0.082
2025-11-07 12:04:53,Quali sono i due curricula del corso di Ingegneria Informatica e Robotica?,"Il corso di Ingegneria Informatica e Robotica si articola in due percorsi formativi (curricula): uno maggiormente rivolto al settore informatico, con particolare enfasi a temi di data science e data engineering, e l'altro maggiormente rivolto al settore dell'automazione e della robotica avanzata. I nomi specifici di questi curricula sono ""Data science e data engineering"" e ""Robotics"".",1.000,0.623,0.587,1.000,0.897
2025-11-07 12:04:53,Qual è l’obiettivo formativo principale del corso?,"Il Corso di Laurea Magistrale in Ingegneria Informatica e Robotica mira a formare ingegneri nel campo dell'informatica e dell'automazione, fornendo loro i riferimenti e le capacità per contribuire all'innovazione e per rimanere continuamente aggiornati rispetto alle nuove tecnologie. L'obiettivo è formare esperti in settori di grande attualità e in forte espansione, come l'elaborazione ed estrazione di informazione da grandi moli di dati e gli strumenti e tecnologie per la robotica (sia per applicazioni industriali che per contesti civili e di servizio). Al termine del percorso formativo, i laureati saranno in grado di progettare, realizzare e gestire sistemi informatici, servizi digitali, sistemi robotici e sistemi per l'automazione complessi e innovativi in diversi ambiti applicativi.",1.000,0.586,nan,1.000,0.443
2025-11-07 12:04:53,Quali sono i principali sbocchi occupazionali del curriculum Data Science and Data Engineering?,Non presente nei documenti.,0.000,0.000,0.000,0.000,0.107
2025-11-07 12:04:53,Qual è la differenza tra i due curricula del corso?,"Il percorso formativo del Corso di Laurea Magistrale in Ingegneria Informatica e Robotica si articola in una prima fase comune, concentrata nel primo anno, in cui lo studente acquisisce nozioni avanzate sulla teoria della stima e dell'informazione in ambito ingegneristico, e studia modelli e tecniche algoritmiche per il machine learning e il data mining. In una seconda fase, che coinvolge sia il primo che il secondo anno, lo studente può orientarsi su due percorsi distinti: (i) un percorso maggiormente rivolto al settore informatico, con particolare enfasi a temi di data science e data engineering, dove acquisisce nozioni avanzate sulla programmazione distribuita e i servizi Web, sui modelli di calcolo, sul deep learning, sull'ingegneria del software e i sistemi data-driven e data-intensive (inclusi quelli che sfruttano moderni modelli di intelligenza artificiale), sulla sicurezza informatica, sulla sicurezza dei dati e i registri distribuiti (come la blockchain), e sulle tecniche di visualizzazione di dati complessi; (ii) oppure un percorso maggiormente rivolto al settore dell'automazione e della robotica avanzata, dove acquisisce nozioni avanzate sui sistemi elettronici embedded, sulla robotica industriale, sul controllo robusto e non lineare, sui robot autonomi (sia per contesti industriali che civili e di servizio, come le auto ad elevata autonomia), sul deep learning, il reinforcement learning e la computer vision.",1.000,0.165,nan,1.000,0.423
2025-11-07 12:04:53,Quale docente coordina il corso di studio?,Non presente nei documenti.,0.000,0.000,nan,0.000,0.054
2025-11-07 12:04:53,Il corso prevede tirocini in azienda?,"Sì, il corso prevede tirocini in azienda. Nell'ambito del suo percorso di studi, lo studente può, in sostituzione di un esame a scelta, svolgere attività di tirocinio presso aziende convenzionate con il Dipartimento di Ingegneria. Lo studente ha anche la possibilità di svolgere tirocini e tesi aziendali, sia in ambito nazionale che internazionale, per sperimentare ed ampliare le proprie abilità pratiche e per favorire il suo futuro inserimento nel mondo del lavoro. Le attività di tirocinio sono tipicamente concentrate al secondo anno, verso la fine del percorso formativo. Il tirocinio aziendale consente allo studente di acquisire esperienza in un reale ambito lavorativo e può essere inserito nel proprio piano di studi come scelta libera. È possibile svolgere tirocini anche all'estero tramite il programma Erasmus+ Traineeship, sia come tirocinio predefinito che autonomo presso imprese o enti stranieri.",1.000,0.943,nan,1.000,0.409
2025-11-07 12:04:53,Quando è consigliato presentare la pratica di trasferimento da altro Ateneo?,Non presente nei documenti.,1.000,0.000,0.050,0.000,0.079
2025-11-07 12:04:53,Il corso di laurea si svolge interamente in lingua inglese?,"Il corso di laurea non si svolge interamente in lingua inglese. I percorsi formativi (curricula) del Corso di Studio prevedono, accanto a insegnamenti obbligatori erogati in lingua italiana, alcuni insegnamenti obbligatori erogati in lingua inglese. Ad esempio, l'insegnamento ""INTERNET AND WEB PROGRAMMING"" è erogato in lingua italiana.",1.000,0.531,0.367,1.000,0.812
2025-11-07 12:04:53,Quanti anni dura il percorso formativo completo?,"Il percorso formativo si articola in una prima fase concentrata nel primo anno e una seconda fase che coinvolge sia il primo che il secondo anno. I percorsi consentiranno il conseguimento della laurea magistrale con 120 CFU. I documenti forniscono orari per il ""I anno"" e il ""II anno"" del Corso di Laurea in Ingegneria Informatica e Robotica.",1.000,0.549,0.292,1.000,0.087
2025-11-07 12:04:53,Chi può accedere al corso di laurea magistrale?,"Possono accedere al corso di laurea magistrale coloro che possiedono una laurea italiana di primo livello o un altro titolo di studio conseguito all'estero, riconosciuto idoneo. L'accesso richiede inoltre il possesso di requisiti curriculari e di un'adeguata preparazione personale. I requisiti curriculari consistono nell'aver conseguito almeno 100 Crediti Formativi Universitari in specifici settori scientifico-disciplinari, principalmente relativi alle attività di base e caratterizzanti delle classi L-8 e L-31. La preparazione personale è valutata tramite una votazione media pesata, conseguita in almeno 50 CFU nei SSD di base, caratterizzanti e affini, che deve essere maggiore o uguale a 21/30. Qualora questo criterio non sia verificato, lo studente deve superare una prova di verifica della preparazione personale. Per i possessori di laurea secondo l'ordinamento previgente il D.M.509/99, nelle discipline ingegneristiche, matematiche o fisiche, l'accesso è valutato dal Consiglio di CdS sulla base dell'effettivo curriculum di studi. L'accesso per i possessori di titolo di studio straniero è valutato dal Consiglio di CdS in base al possesso di un titolo di studio conseguito con un percorso di durata almeno triennale, alla verifica di adeguati requisiti curriculari e a un'idonea preparazione personale.",1.000,0.624,nan,0.000,0.246
2025-11-07 12:04:53,Quando si tiene la prova di verifica della preparazione personale?,Non presente nei documenti.,0.000,0.000,0.000,0.000,0.132
2025-11-07 12:04:53,Qual è la prova finale prevista per il conseguimento della laurea?,"La prova finale consiste, di norma, in un'attività che comprenda alcune tra le fasi di progettazione, realizzazione, test e sperimentazione di strumenti teorici, applicazioni, sistemi o servizi complessi di interesse per il Corso di Studio. La prova prevede inoltre la presentazione e discussione di una monografia originale, redatta in maniera autonoma dallo studente sotto la supervisione di almeno un docente (relatore) e finalizzata a descrivere i temi affrontati. Le attività di tesi possono essere correlate con attività di tirocinio o stage e possono essere svolte anche presso centri di ricerca, istituzioni e aziende nazionali o internazionali. La discussione è valutata da una commissione e si conclude con la proclamazione ufficiale e l'assegnazione di una votazione espressa in centodecimi. La prova finale include la preparazione e discussione di un elaborato scritto originale (per 14 CFU) e la verifica della conoscenza della lingua inglese (1 CFU), certificata dal relatore. L'elaborato può essere di due tipi: tesi compilativa, incentrata sull'assimilazione e riorganizzazione di concetti da fonti bibliografiche, o tesi sperimentale, frutto di un lavoro di verifica di idee e intuizioni attraverso lo sviluppo o lo studio di casi concreti.",1.000,0.358,0.483,1.000,0.303
2025-11-07 12:04:53,Chi è il docente responsabile dell'insegnamento DATA INTENSIVE APPLICATIONS AND BIG DATA?,Il docente responsabile dell'insegnamento DATA INTENSIVE APPLICATIONS AND BIG DATA è Fabrizio Montecchiani.,1.000,1.000,0.375,1.000,0.815
2025-11-07 12:04:53,Qual è la differenza tra tesi compilativa e tesi sperimentale secondo il regolamento?,"Secondo il regolamento, la tesi compilativa è frutto di un lavoro di approfondimento personale centrato sull'assimilazione e riorganizzazione di concetti provenienti da molteplici fonti bibliografiche. Questi elaborati non richiedono una particolare originalità ma servono a dimostrare la capacità di sintesi e di comunicazione del laureando. La tesi sperimentale, invece, è frutto di un lavoro di verifica di idee e intuizioni, di norma originali, attraverso lo sviluppo o lo studio di casi concreti. Tali elaborati sono utili a verificare la capacità del laureando di pervenire, in forma autonoma, a soluzioni progettuali e a realizzazioni su tematiche afferenti a specifici insegnamenti, talora in forma interdisciplinare.",1.000,0.982,0.333,1.000,0.299
2025-11-07 12:04:53,Quali sono le modalità di verifica dell'apprendimento previste per l'insegnamento DATA INTENSIVE APPLICATIONS AND BIG DATA?,"Le modalità di verifica dell'apprendimento previste per l'insegnamento DATA INTENSIVE APPLICATIONS AND BIG DATA sono le seguenti: ""I metodi di valutazione di questo insegnamento cercano di quantificare le conoscenze teoriche acquisite dallo studente, nonché la sue capacità di applicare tali conoscenze per la risoluzione di problemi applicativi. I tipi di prove previste per la valutazione sono descritti qui di seguito. - Prova orale di natura teorica e applicativa Durata: 30 minuti | Punteggio: 15/30 Obiettivo: accertare le conoscenze sui concetti teorici impartiti nell'insegnamento e valutare abilità di programmazione. - Progetto Presentazione e discussione di un elaborato (codice software e documentazione di progetto) Punteggio: 15/30 Obiettivo: accertare le abilità pratiche acquisite in relazione alle tematiche del corso.""",1.000,0.986,nan,1.000,0.715
2025-11-07 12:04:53,Quali strutture e servizi sono disponibili per gli studenti di Ingegneria a Perugia?,"Gli studenti di Ingegneria a Perugia hanno a disposizione diverse strutture e servizi. Tra le strutture, vi sono laboratori di supporto alla didattica e alla ricerca, una vasta Biblioteca Centrale con sale di lettura, spazi attrezzati dove studiare, aule, ampi spazi verdi e un servizio di ristoro bar all'interno del campus di Ingegneria. Per quanto riguarda i servizi, sono offerti: un servizio mensa, interventi e servizi dell'ufficio A.Di.S.U. (Agenzia per il Diritto allo Studio Universitario) per studenti capaci e meritevoli in particolari condizioni economiche, la Segreteria Studenti (con possibilità di contatto fisico, telefonico o tramite ticket) e la Segreteria On-Line Studenti (SOL). Sono disponibili tirocini aziendali (presso circa 200 aziende convenzionate) e tirocini interni (presso laboratori di ricerca o didattici del Dipartimento), con assistenza di un tutor universitario e aziendale. Per la mobilità internazionale, il Dipartimento di Ingegneria ha numerosi accordi Erasmus+ per studio (113 accordi con circa 80 università estere) e Traineeship, oltre a 6 accordi quadro con paesi extra UE, e offre assistenza per la preparazione della tesi all'estero. L'Ufficio Job Placement di Ateneo e di Dipartimento fornisce accompagnamento al lavoro, inclusi Career Day, eventi di orientamento e formazione, e incontri con imprese. È presente un servizio di tutorato con un delegato dipartimentale, che include tutorato di sostegno per i corsi di studio di primo livello e tutorato individuale per gli studenti delle lauree triennali, oltre a supporto per studenti diversamente abili. L'Università si è dotata anche di un supporto informatico per la verifica dell'originalità degli elaborati per la prova finale (Compilatio.net). Infine, sono previste agevolazioni su tasse e contributi universitari, come la ""No-Tax Area"" e la ""Low-Tax Area"", e riduzioni per studenti dello stesso nucleo familiare.",1.000,1.000,nan,1.000,0.297
2025-11-07 12:04:53,Dove si trova il campus di Ingegneria e come è possibile raggiungerlo?,"Il campus di Ingegneria si trova in Via G. Duranti, 93, 06125 Perugia. È possibile raggiungerlo tramite autobus o treno, con fermate situate immediatamente di fronte al campus. La struttura dispone anche di un grande parcheggio auto.",0.750,0.980,nan,1.000,0.967
2025-11-07 12:04:53,È disponibile una rete Wi-Fi per gli studenti?,"Sì, è disponibile una rete Wi-Fi per gli studenti. Il contesto indica che ""L’intero campus è dotato di una rete wireless, con accesso gratuito da parte degli studenti regolarmente iscritti"".",1.000,0.989,0.028,1.000,0.827
2025-11-07 12:04:53,Quali sono i giorni e gli orari di apertura al pubblico della Segreteria Studenti?,"La Segreteria Studenti è aperta al pubblico di persona i giorni martedì e giovedì con orario 10.00 - 13.00. È possibile telefonare il martedì e il giovedì dalle 14.30 alle 16.30 ai numeri indicati. Per contattarle è inoltre possibile aprire un Ticket, servizio attivo h24, o chiedere un appuntamento face to face attraverso il sistema Ticket.",1.000,0.200,0.026,1.000,0.416
2025-11-07 12:04:53,Come si può contattare la Segreteria Studenti per telefono?,"Per contattare la Segreteria Studenti per telefono, è possibile chiamare il martedì e il giovedì dalle 14.30 alle 16.30. I numeri telefonici indicati sono +39 075 5853 818 per Enrico Cruciani (Responsabile), Luisa Cirimbilli e Francesca Gianni. In alternativa, è possibile trovare il numero alla pagina https://www.unipg.it/didattica/segreterie.",1.000,0.947,0.029,1.000,0.648
2025-11-07 12:04:53,Qual è l’indirizzo email della Segreteria Didattica del Dipartimento di Ingegneria?,L'indirizzo email della Segreteria Didattica del Dipartimento di Ingegneria è segr-didattica.ing@unipg.it.,1.000,0.998,0.029,1.000,0.958
2025-11-07 12:04:53,Come si può accedere ai servizi di segreteria senza recarsi fisicamente allo sportello?,"È possibile accedere ai servizi di segreteria senza recarsi fisicamente allo sportello tramite il servizio SOL (Segreteria On-Line Studenti) messo a disposizione dall'ateneo di Perugia. Per eventuali chiarimenti o richieste di assistenza, si può contattare l'indirizzo e-mail help.didattica@unipg.it. Inoltre, è possibile aprire un Ticket, un servizio attivo h24, o telefonare alla Segreteria Studenti il martedì e il giovedì dalle 14.30 alle 16.30 ai numeri telefonici indicati.",1.000,0.827,nan,0.000,0.487
2025-11-07 12:04:53,A chi scrivere per assistenza sulla segreteria online SOL?,"Per assistenza sulla segreteria online SOL, è possibile contattare l'indirizzo e-mail help.didattica@unipg.it per eventuali chiarimenti o richieste.",1.000,0.855,0.028,1.000,0.895
2025-11-07 12:04:53,È possibile aprire un ticket per richiedere assistenza alla Segreteria Studenti?,"Sì, è possibile aprire un ticket per richiedere assistenza alla Segreteria Studenti. Il servizio di apertura ticket è attivo h24. È anche possibile chiedere un appuntamento face to face attraverso il sistema Ticket.",1.000,0.869,0.057,0.000,0.684
2025-11-07 12:04:53,Quali sono i giorni entro cui uno studente deve presentare la domanda di laurea e consegnare la tesi?,"I giorni entro cui uno studente deve presentare la domanda di laurea e consegnare la tesi sono definiti come segue:

In generale, la compilazione della domanda di laurea, comprensiva dell'indicazione del titolo della tesi e del Relatore, deve avvenire 45 giorni prima della seduta di laurea. La presentazione dell'elaborato presso la Segreteria Studenti di appartenenza deve avvenire 20 giorni prima della seduta di laurea. I termini specifici per ogni seduta di laurea per il Corso di laurea in Ingegneria Informatica e Robotica, Classe LM-32, per l'Anno Accademico 2025/2026 sono:

*   **Sessione Estiva (1)**:
    *   Domanda Esame di Sessione Laurea e Consegna Titolo Tesi (Foglio Giallo): 29 maggio 2026
    *   Consegna Tesi: 18 giugno 2026
*   **Sessione Estiva (2)**:
    *   Domanda Esame di Sessione Laurea e Consegna Titolo Tesi (Foglio Giallo): 28 agosto 2026
    *   Consegna Tesi: 17 settembre 2026
*   **Sessione Autunnale**:
    *   Domanda Esame di Sessione Laurea e Consegna Titolo Tesi (Foglio Giallo): 23 ottobre 2026
    *   Consegna Tesi: 12 novembre 2026
*   **Sessione Invernale**:
    *   Domanda Esame di Sessione Laurea e Consegna Titolo Tesi (Foglio Giallo): 1 gennaio 2027
    *   Consegna Tesi: 21 gennaio 2027
*   **Sessione Primaverile**:
    *   Domanda Esame di Sessione Laurea e Consegna Titolo Tesi (Foglio Giallo): 12 marzo 2027
    *   Consegna Tesi: 1 aprile 2027",1.000,0.436,nan,1.000,0.593
2025-11-07 12:04:53,Dove si compila la domanda di laurea online?,"La domanda di laurea online si compila entrando nel SOL (Segreterie On Line) con le proprie credenziali, scegliendo dal menù il link “Laurea” e cliccando su “Conseguimento titolo”. Il sistema guiderà l’utente alla compilazione della domanda di laurea online.",1.000,0.985,nan,1.000,0.678
2025-11-07 12:04:53,Quanto costa la stampa della pergamena se richiesta durante la domanda di laurea?,"Qualora lo studente intenda fare richiesta della stampa della pergamena durante la domanda di laurea, il sistema metterà in disponibilità nella sezione “Elenco Tasse” il contributo di 132 euro comprensivo anche del bollo previsto per la domanda di esame di laurea.",0.667,0.421,nan,1.000,0.302
2025-11-07 12:04:53,"In base alle linee guida, quanti punti può ottenere una tesi di ricerca per la presentazione e discussione?","In base alle linee guida, una tesi di ricerca (o sperimentale) può ottenere fino a 4 punti per la presentazione e discussione della tesi. Un ulteriore punto potrà essere assegnato dalla Commissione di laurea in aggiunta ai 4 punti di cui sopra, nel caso di tesi di eccezionale valore, convalidato da un controrelatore.",1.000,0.810,nan,1.000,0.368
2025-11-07 12:04:53,Quali allegati sono obbligatori nella domanda di laurea online?,"Gli allegati obbligatori da inserire nella domanda di laurea online sono: il foglio titolo tesi debitamente compilato e firmato dal Relatore, la fotocopia del libretto universitario o, in caso di non possesso del libretto, l'autocertificazione degli esami scaricabile da SOL, la ricevuta del questionario AlmaLaurea ed eventuali altri specifici dove previsto.",1.000,0.953,nan,1.000,0.942
2025-11-07 12:04:53,Quali sono i criteri di valutazione per una tesi compilativa?,"I criteri di valutazione per una tesi compilativa sono i seguenti: fino a 1 punto per il contenuto della tesi, su proposta del relatore in sede di discussione; e fino a 3 punti per la presentazione e discussione della tesi, con la valutazione pari alla media dei punteggi attribuiti dai singoli Commissari.",1.000,1.000,0.205,1.000,0.623
2025-11-07 12:04:53,Quando può essere assegnata la lode nella laurea magistrale?,La votazione finale di 110 e lode nella laurea magistrale può essere attribuita con voto unanime della commissione qualora: la somma arrotondata della media curriculare e del punteggio assegnato alla tesi di laurea sia non inferiore a 111; oppure la somma arrotondata sia pari a 110 e il laureando abbia conseguito almeno 2 lodi negli esami di profitto.,1.000,0.624,nan,1.000,0.926
2025-11-07 12:04:53,Come si calcola il voto di laurea magistrale?,"Il voto di laurea magistrale si ottiene dalla somma, arrotondata all’unità, della media curriculare e del punteggio assegnato alla tesi di laurea. La media curriculare è la media in centodecimi, arrotondata al centesimo di punto, delle votazioni riportate negli esami di profitto pesate con il corrispondente numero di crediti. Il punteggio attribuito alla tesi di laurea, anch’esso arrotondato al centesimo, varia in base al tipo di tesi: per le Tesi di Ricerca (o Sperimentali) sono previsti fino a 3 punti per il contenuto (proposti dal relatore in sede di discussione, basati su qualità, autonomia, organizzazione e stile dell'elaborato), fino a 4 punti per la presentazione e discussione (valutazione pari alla media dei punteggi attribuiti dai singoli Commissari), e un ulteriore punto (fino a un massimo di 8 complessivi) per tesi di eccezionale valore convalidato da un controrelatore. Per le Tesi Compilative, sono previsti fino a 1 punto per il contenuto (su proposta del relatore) e fino a 3 punti per la presentazione e discussione (media dei punteggi attribuiti dai singoli Commissari). La votazione finale di 110 e lode può essere attribuita con voto unanime della commissione qualora la somma arrotondata sia non inferiore a 111, oppure se la somma arrotondata è pari a 110 e il laureando abbia conseguito almeno 2 lodi negli esami di profitto.",1.000,0.073,nan,1.000,0.290
2025-11-07 12:04:53,Qual è il numero massimo di CFU di tirocinio che uno studente può ottenere nella stessa azienda?,"Il contesto fornito indica che il numero massimo di CFU che possono essere dedicati al tirocinio è definito nel Regolamento didattico relativo all’anno di immatricolazione dello studente. Tuttavia, il contesto non specifica quale sia questo numero massimo né se esista un limite specifico per i CFU di tirocinio ottenibili nella stessa azienda. Il testo più rilevante è: ""Tirocini e CFU Il numero massimo di CFU che possono essere dedicati al tirocinio è definito nel Regolamento didattico relativo all’anno di immatricolazione dello studente (QUI)."" [Fonte 16]",0.714,0.000,nan,0.000,0.489
2025-11-07 12:04:53,A quante ore di attività corrisponde un CFU di tirocinio?,A 1 CFU di tirocinio corrispondono 25 ore di attività.,1.000,0.948,nan,1.000,0.965
2025-11-07 12:04:53,Qual è il numero massimo di tirocinanti che un'azienda con 10 dipendenti può ospitare contemporaneamente?,Non presente nei documenti.,0.000,0.000,0.000,0.000,0.137
2025-11-07 12:04:53,Un docente universitario può essere tutor di quanti tirocinanti interni?,Non presente nei documenti.,1.000,0.000,0.000,0.000,0.145
2025-11-07 12:04:53,L’attività lavorativa passata può essere riconosciuta come tirocinio curriculare?,"L'attività lavorativa svolta da uno studente può essere riconosciuta a posteriori in luogo della frequenza al tirocinio curriculare, ove sia considerata congruente con gli obiettivi formativi del Corso di Studi, sia certificata in base alla normativa vigente e si sia conclusa entro i 3 anni dalla data di presentazione della domanda di riconoscimento.",1.000,0.906,0.140,1.000,0.785
2025-11-07 12:04:53,Quanto tempo prima bisogna consegnare i moduli di tirocinio?,I documenti firmati e timbrati dalla struttura ospitante vanno consegnati alla Segreteria Didattica del Dipartimento di Ingegneria prima dell'inizio del tirocinio.,1.000,0.642,0.000,0.000,0.098
2025-11-07 12:04:53,Cosa accade se l’azienda non è ancora convenzionata con il Dipartimento?,"Se l’azienda non è ancora convenzionata con il Dipartimento, il CdS, su richiesta, accredita le aziende dove gli studenti possono svolgere attività di tirocinio. Successivamente la segreteria didattica provvede ad attivare le necessarie coperture assicurative in favore degli studenti richiedenti.",1.000,0.805,nan,0.000,0.123
2025-11-07 12:04:53,Come si svolge la verbalizzazione del tirocinio?,"La verbalizzazione del tirocinio è presente nei documenti. L’invio del questionario di valutazione dello studente e del registro firme al tutor universitario e alla segreteria didattica, e contestualmente l'invio del questionario del tutor aziendale al tutor universitario e alla segreteria didattica, è una condizione necessaria per la verbalizzazione del tirocinio. Prima della verbalizzazione del voto di tirocinio, il tutor universitario deve ottenere dallo studente e dall'azienda i questionari compilati. Questi due questionari possono, a discrezione della commissione che valuta l'attività dello studente, essere usati come elemento per l'attribuzione del voto. L’attività di tirocinio svolta dallo studente è soggetta a valutazione finale da parte di una commissione di docenti, tipicamente presieduta dal tutor universitario, e dà luogo a un voto in trentesimi, come per gli altri esami. In sede di valutazione, il tirocinante illustra il lavoro svolto nell’ambito di un colloquio orale con la commissione valutatrice, eventualmente avvalendosi di una presentazione in formato elettronico. In caso di valutazione con esito positivo, lo studente acquisisce il numero di CFU previsti per il tirocinio dal suo piano di studi.",0.955,0.662,0.053,0.667,0.410
2025-11-07 12:04:53,Chi deve firmare il registro delle ore di tirocinio?,"Il contesto menziona il ""registro firme"" in relazione al tirocinio, ma non specifica chi debba firmarlo. Il testo più rilevante è: ""in caso di tirocinio aziendale al termine delle attività lo studente invia il proprio questionario di valutazione e il registro firme al tutor universitario e alla segreteria didattica (mariastella.migliosi@unipg.it)"".",1.000,0.000,0.000,0.000,0.352
2025-11-07 12:04:53,Qual è la valutazione finale del tirocinio?,"Al termine dell'attività di tirocinio, il CdS prevede la compilazione di questionari di raccolta delle opinioni docente/studente. Al termine del tirocinio, sia lo studente che il tutor aziendale debbono, in modo indipendente, compilare l'apposito questionario di valutazione dell'attività svolta. Il tutor universitario deve ottenere dallo studente e dall'azienda i questionari compilati prima della verbalizzazione del voto di tirocinio. I due questionari possono (a discrezione della commissione che valuta l'attività dello studente) essere usati come elemento per l'attribuzione del voto.",1.000,0.682,nan,0.000,0.245
2025-11-07 12:04:53,Il tirocinio può essere svolto in remoto?,Non presente nei documenti.,1.000,0.000,0.000,0.000,0.143
2025-11-07 12:04:53,È possibile svolgere il tirocinio presso un laboratorio interno del Dipartimento?,"Sì, è possibile svolgere il tirocinio presso un laboratorio interno del Dipartimento. I Corsi di Studio di area informazione del Dipartimento di Ingegneria offrono allo studente la possibilità di svolgere tirocini sia presso aziende convenzionate (tirocinio aziendale) sia presso i Laboratori del Dipartimento (tirocinio interno) come parte integrante della propria formazione (attività di tirocinio curriculare). In alternativa al tirocinio aziendale, lo studente ha la possibilità di svolgere un tirocinio interno come parte integrante della propria istruzione, che è svolto presso una struttura del Dipartimento di Ingegneria, di norma un laboratorio di ricerca o didattico. Ad esempio, nel periodo 1 settembre 2023 - 31 agosto 2024, sono stati svolti 21 tirocini presso i laboratori specialistici del Dipartimento di Ingegneria.",0.917,0.994,nan,1.000,0.604
2025-11-07 12:04:53,Qual è l’indirizzo email a cui inviare il registro firme del tirocinio?,Non presente nei documenti.,0.000,0.000,0.028,1.000,0.057
2025-11-07 12:04:53,Che cosa si intende per tutorato di sostegno nei corsi di primo livello?,"Il tutorato di sostegno per i corsi di studio di primo livello è costituito da attività formative indirizzate a migliorare l'apprendimento di alcuni insegnamenti di base il cui superamento è ritenuto fondamentale per gli insegnamenti successivi. Tale attività di supporto è fornita da studenti di dottorato o di laurea specialistica o magistrale in Ingegneria, Matematica o Fisica.",1.000,0.890,0.050,1.000,0.762
2025-11-07 12:04:53,Chi stabilisce i criteri e le modalità di assegnazione dei tutor ai diversi corsi di studio?,I criteri e le modalità di assegnazione dei tutor ai diversi Corsi di Studio/insegnamenti saranno stabiliti dal Consiglio di Dipartimento sentiti i presidenti dei Corsi di Laurea interessati.,1.000,0.000,0.050,1.000,0.957
2025-11-07 12:04:53,A chi è destinato il tutorato individuale?,"Il termine ""tutorato individuale"" è presente nei documenti. Secondo la Fonte 20, il tutorato individuale è destinato ""per gli studenti delle lauree triennali"". La Fonte 5, relativa al Corso di Laurea Magistrale in Ingegneria Informatica e Robotica, specifica che ""non sono previste specifiche azioni di tutorato per il presente CdS"", ma i docenti si rendono disponibili per fornire indicazioni e percorsi di studio personalizzati a studenti provenienti da corsi di laurea triennale la cui classe è diversa dalla L8, a studenti stranieri e a lavoratori. Inoltre, su richiesta, la struttura didattica provvede a mettere a disposizione mezzi strumentali e personale di supporto per soggetti diversamente abili.",1.000,0.659,nan,1.000,0.328
2025-11-07 12:04:53,Cosa viene garantito agli studenti diversamente abili nel tutorato individuale?,"Nel tutorato individuale, qualora vengano immatricolati soggetti diversamente abili, la struttura didattica provvederà, su richiesta, a mettere a disposizione mezzi strumentali e personale di supporto, secondo le specifiche esigenze.",0.800,0.905,0.217,1.000,0.751
2025-11-07 12:04:53,Chi fornisce il tutorato per gli insegnamenti di base nei corsi di primo livello?,"Il tutorato di sostegno per i corsi di studio di primo livello, costituito da attività formative indirizzate a migliorare l'apprendimento di alcuni insegnamenti di base, è fornito da studenti di dottorato o di laurea specialistica o magistrale in Ingegneria, Matematica o Fisica.",1.000,0.810,0.050,1.000,0.509
2025-11-07 12:04:53,Qual è la finalità principale del tutorato di sostegno?,Il tutorato di sostegno per i corsi di studio di primo livello è costituito da attività formative indirizzate a migliorare l'apprendimento di alcuni insegnamenti di base il cui superamento è ritenuto fondamentale per gli insegnamenti successivi.,1.000,0.729,0.175,1.000,0.438
2025-11-07 12:04:53,È previsto un tutorato specifico per le lauree magistrali?,"Sì, il contesto fornisce informazioni sul tutorato per le lauree magistrali.

""Il Dipartimento di Ingegneria, che gestisce il presente CdS, ha nominato un suo delegato per il tutorato contattabile tramite un apposito indirizzo di posta elettronica (tutorato.ing@unipg.it), al quale lo studente e gli altri docenti possono far riferimento per informazioni o segnalazioni. L'orientamento e il tutorato in itinere si esprimono attraverso le modalità di erogazione previste nel Regolamento Didattico. Si precisa che, vista l'esperienza maturata dagli studenti di laurea magistrale durante il percorso triennale, non sono previste specifiche azioni di tutorato per il presente CdS. Tuttavia in presenza di studenti provenienti da corsi di laurea triennale la cui classe è diversa dalla L8, i docenti dei singoli insegnamenti si rendono disponibili sia per fornire indicazioni su come colmare eventuali lacune sia per individuare percorsi di studio personalizzati in ordine a tali lacune. Le attività vengono svolte coordinandosi con il referente del tutorato. Nel caso di studenti con esigenze specifiche, in particolare studenti stranieri e lavoratori, i singoli docenti guidano gli studenti con indicazioni e suggerimenti personalizzati. Su richiesta specifica degli studenti o qualora vengano immatricolati soggetti diversamente abili, la struttura didattica provvederà a mettere a disposizione personale e strumenti di supporto, secondo le specifiche esigenze e le risorse disponibili.""",0.000,0.461,nan,1.000,0.541
2025-11-07 12:04:53,=== MEDIA TOTALE ===,,0.916,0.657,0.130,0.802,0.540
